SEP,Funnetdato,Nord (UTM33/SWEREF99 TM),Ã˜st (UTM33/SWEREF99 TM),Individ,Kon
SEP0153882,2019-09-15,7096498,644426,1,Hona
SEP0153837,2019-09-10,7143877,608728,3,Hona
SEP0161693,2019-09-14,7187445,691296,4,Hane
SEP0162359,2019-09-12,7182721,690045,4,Hane
SEP0163808,2019-09-14,7181098,694072,4,Hane
SEP0161634,2019-09-08,7067580,703435,8,Hona
SEP0161822,2019-09-14,7208767,538196,9,Hona
SEP0153432,2019-09-15,7111230,685037,10,Hane
SEP0164386,2019-09-03,7133399,642092,12,Hane
SEP0153854,2019-09-27,7135455,622319,12,Hane
SEP0160112,2019-10-10,7117128,643435,12,Hane
SEP0163312,2019-08-30,7134380,692470,14,Hona
SEP0153062,2019-09-09,7135706,692481,14,Hona
SEP0155663,2019-08-27,7218236,592425,16,Hona
SEP0158050,2019-09-07,7216039,587837,16,Hona
SEP0154788,2019-09-07,7216573,593982,16,Hona
SEP0154166,2019-08-21,7176078,534013,18,Hona
SEP0156066,2019-09-01,7219119,610643,19,Hona
SEP0153349,2019-10-05,7224157,624321,19,Hona
SEP0162099,2019-09-05,7236069,549945,20,Hona
SEP0162097,2019-09-07,7238023,554209,20,Hona
SEP0157802,2019-09-15,7157993,752789,25,Hane
SEP0158898,2019-09-20,7157856,753498,25,Hane
SEP0158886,2019-09-20,7158150,753089,25,Hane
SEP0156007,2019-09-20,7200165,620970,27,Hane
SEP0161452,2019-08-23,7251730,551824,29,Hane
SEP0157543,2019-08-21,7124108,661329,30,Hane
SEP0159746,2019-09-10,7217827,552977,32,Hona
SEP0164006,2019-09-24,7170459,625973,35,Hane
SEP0162446,2019-09-24,7186099,663124,36,Hona
SEP0153744,2019-09-29,7185640,662824,36,Hona
SEP0153600,2019-10-14,7188258,667567,36,Hona
SEP0152580,2019-09-22,7141469,630401,39,Hona
SEP0152594,2019-09-22,7101309,616459,39,Hona
SEP0155327,2019-09-29,7102762,618640,39,Hona
SEP0155333,2019-10-07,7102948,618068,39,Hona
SEP0159313,2019-09-12,7170062,560979,42,Hane
SEP0162299,2019-09-15,7169755,561139,42,Hane
SEP0156337,2019-09-18,7169583,561571,42,Hane
SEP0161164,2019-09-14,7116354,597949,43,Hane
SEP0154790,2019-09-06,7200046,622012,47,Hane
SEP0155661,2019-09-20,7200197,621046,47,Hane
SEP0155399,2019-09-04,7113085,603199,48,Hane
SEP0152550,2019-09-06,7119706,593189,48,Hane
SEP0161140,2019-09-20,7118624,597975,48,Hane
SEP0152502,2019-09-20,7114333,599583,48,Hane
SEP0156931,2019-09-13,7156757,564380,49,Hona
SEP0162296,2019-09-13,7154810,565089,49,Hona
SEP0162273,2019-09-20,7154012,563281,49,Hona
SEP0158966,2019-09-22,7155039,564969,49,Hona
SEP0154786,2019-09-06,7201148,620209,50,Hona
SEP0162971,2019-09-13,7153322,564242,51,Hona
SEP0161994,2019-09-26,7133783,625168,53,Hona
SEP0153864,2019-10-08,7136364,624340,53,Hona
SEP0158375,2019-10-15,7133450,624912,53,Hona
SEP0159750,2019-09-19,7106284,635277,55,Hane
SEP0155983,2019-10-11,7106224,635369,55,Hane
SEP0155990,2019-10-20,7108919,634532,55,Hane
SEP0155980,2019-10-20,7104109,638374,55,Hane
SEP0153321,2019-10-12,7234347,599649,56,Hane
SEP0163489,2019-09-11,7244359,624978,57,Hane
SEP0156185,2019-09-08,7104934,755151,59,Hane
SEP0157422,2019-09-09,7086139,685236,59,Hane
SEP0161012,2019-09-15,7083948,673695,59,Hane
SEP0155787,2019-09-21,7127251,682665,60,Hane
SEP0158138,2019-09-06,7209654,549050,62,Hane
SEP0158142,2019-09-06,7209653,549051,62,Hane
SEP0152593,2019-09-03,7108917,646673,63,Hane
SEP0152549,2019-09-18,7104322,646570,63,Hane
SEP0152573,2019-09-22,7105896,644846,63,Hane
SEP0153378,2019-09-10,7193177,622238,64,Hane
SEP0161793,2019-09-12,7112515,640558,66,Hona
SEP0159392,2019-09-14,7162152,569852,67,Hona
SEP0153433,2019-09-21,7190785,500848,68,Hona
SEP0160726,2019-09-15,7083944,674766,69,Hona
SEP0161192,2019-08-21,7187060,643186,72,Hane
SEP0162063,2019-09-29,7173726,637171,72,Hane
SEP0162059,2019-10-10,7174410,637382,72,Hane
SEP0153834,2019-09-12,7143319,609181,74,Hona
SEP0162776,2019-10-13,7151212,605433,74,Hona
SEP0153805,2019-10-03,7095938,601393,75,Hona
SEP0160436,2019-08-21,7172393,516784,77,Hona
SEP0154127,2019-09-09,7179612,512739,77,Hona
SEP0164308,2019-09-04,7148234,574968,78,Hona
SEP0160893,2019-09-15,7158297,613588,79,Hona
SEP0155711,2019-09-17,7147020,679799,80,Hane
SEP0164098,2019-09-16,7145154,676757,80,Hane
SEP0154526,2019-10-11,7164145,704653,80,Hane
SEP0162479,2019-10-24,7154116,699252,80,Hane
SEP0160720,2019-08-22,7133717,609634,82,Hane
SEP0157785,2019-08-21,7133579,609842,82,Hane
SEP0163617,2019-09-20,7149033,606330,82,Hane
SEP0155625,2019-10-01,7202516,636726,85,Hane
SEP0155671,2019-10-01,7202245,636573,86,Hane
SEP0155644,2019-10-03,7202712,635976,86,Hane
SEP0155672,2019-10-03,7206756,632411,86,Hane
SEP0158941,2019-10-05,7206895,632312,86,Hane
SEP0153339,2019-10-05,7214539,622697,86,Hane
SEP0162000,2019-08-22,7163862,562972,87,Hane
SEP0155869,2019-08-31,7144070,552962,88,Hane
SEP0155437,2019-09-20,7150898,556882,88,Hane
SEP0163670,2019-08-21,7159722,600061,90,Hona
SEP0162152,2019-09-05,7267669,536134,92,Hona
SEP0163304,2019-09-04,7270372,531933,92,Hona
SEP0153839,2019-08-23,7103448,596323,94,NA
SEP0162340,2019-09-25,7169464,653140,96,Hona
SEP0159382,2019-09-03,7163493,564045,98,Hane
SEP0155771,2019-08-30,7139582,671715,103,Hane
SEP0163020,2019-10-15,7161721,664189,103,Hane
SEP0162922,2019-10-19,7158821,662645,103,Hane
SEP0157263,2019-09-25,7268748,590717,104,Hane
SEP0163423,2019-09-02,7286964,593029,107,Hona
SEP0156938,2019-09-19,7280520,594528,107,Hona
SEP0156745,2019-09-28,7302524,570433,107,Hona
SEP0155502,2019-10-14,7300366,588441,107,Hona
SEP0157065,2019-10-03,7102721,718111,111,Hona
SEP0160183,2019-10-08,7103085,717511,111,Hona
SEP0157050,2019-10-06,7103694,717103,111,Hona
SEP0157062,2019-10-05,7104992,716230,111,Hona
SEP0157099,2019-10-05,7099796,718241,111,Hona
SEP0159872,2019-10-17,7107142,713581,111,Hona
SEP0157170,2019-10-26,7099816,718213,111,Hona
SEP0157426,2019-09-01,7080579,698375,113,Hona
SEP0163923,2019-08-31,7080556,698419,113,Hona
SEP0157925,2019-09-21,7084204,693256,113,Hona
SEP0159865,2019-09-25,7129650,781857,114,Hane
SEP0152509,2019-09-07,7116187,580736,116,Hona
SEP0155779,2019-09-21,7116718,580354,116,Hona
SEP0158882,2019-09-22,7168366,754631,118,Hane
SEP0162698,2019-09-21,7185170,733978,118,Hane
SEP0158890,2019-09-24,7169626,759494,118,Hane
SEP0152943,2019-09-27,7189289,730847,118,Hane
SEP0157994,2019-10-11,7118135,689452,119,Hona
SEP0153446,2019-10-05,7298706,590060,124,Hona
SEP0163633,2019-08-31,7191472,551939,125,Hane
SEP0157763,2019-09-07,7190246,556706,125,Hane
SEP0155059,2019-09-07,7188770,561106,125,Hane
SEP0160716,2019-09-03,7086375,682713,129,Hona
SEP0157373,2019-09-10,7082849,682460,129,Hona
SEP0154182,2019-09-14,7086156,681265,129,Hona
SEP0157370,2019-09-13,7084728,684739,129,Hona
SEP0157418,2019-09-20,7085829,682728,129,Hona
SEP0157679,2019-08-22,7172277,586389,130,Hona
SEP0153564,2019-09-13,7219653,644107,132,Hane
SEP0161183,2019-09-22,7214994,651807,132,Hane
SEP0164008,2019-09-21,7191674,626104,133,Hona
SEP0158282,2019-09-24,7276440,575079,134,Hane
SEP0160790,2019-09-11,7091389,674912,135,Hona
SEP0153075,2019-09-06,7224794,642886,137,Hona
SEP0162513,2019-09-10,7219599,643139,137,Hona
SEP0154122,2019-09-03,7166850,645668,139,Hane
SEP0164031,2019-09-11,7171473,654638,141,Hane
SEP0162483,2019-09-22,7174206,661808,141,Hane
SEP0161655,2019-10-04,7157978,655035,141,Hane
SEP0163666,2019-10-06,7157977,655036,141,Hane
SEP0160999,2019-09-09,7090409,675672,143,Hona
SEP0157439,2019-09-15,7098186,672213,143,Hona
SEP0160763,2019-09-22,7090339,675722,143,Hona
SEP0162848,2019-10-03,7105444,678293,143,Hona
SEP0160934,2019-10-12,7088991,677515,143,Hona
SEP0164074,2019-09-07,7178667,636065,147,Hona
SEP0159330,2019-09-16,7161000,577986,149,Hane
SEP0163846,2019-09-04,7137226,675874,150,Hane
SEP0155793,2019-09-11,7136723,677285,150,Hane
SEP0162619,2019-08-21,7206566,646107,152,Hane
SEP0161152,2019-09-09,7216304,675598,152,Hane
SEP0160974,2019-10-06,7107397,651836,153,Hona
SEP0158344,2019-09-05,7268933,590686,154,Hona
SEP0163935,2019-10-13,7137330,739656,155,Hane
SEP0157205,2019-10-16,7137581,739433,155,Hane
SEP0164196,2019-09-06,7190303,520730,156,Hane
SEP0158007,2019-09-15,7205984,514788,156,Hane
SEP0157383,2019-09-21,7125892,690474,159,Hane
SEP0157346,2019-09-20,7118372,694303,159,Hane
SEP0155776,2019-09-22,7125485,687888,159,Hane
SEP0157353,2019-09-29,7126426,691008,159,Hane
SEP0163840,2019-10-07,7134315,685635,159,Hane
SEP0157310,2019-10-05,7125135,689389,159,Hane
SEP0157442,2019-10-08,7112486,700196,159,Hane
SEP0163404,2019-08-25,7283165,597337,160,Hona
SEP0156728,2019-09-28,7303148,570019,160,Hona
SEP0160703,2019-08-21,7143276,669707,164,Hona
SEP0163427,2019-08-21,7286879,593436,165,Hona
SEP0163422,2019-09-23,7280398,582402,165,Hona
SEP0152544,2019-10-11,7093694,631570,168,Hona
SEP0155305,2019-10-18,7095097,628964,168,Hona
SEP0160100,2019-09-17,7099314,650399,169,Hona
SEP0157518,2019-09-18,7105693,647909,169,Hona
SEP0155973,2019-09-22,7094412,648147,169,Hona
SEP0153897,2019-09-19,7095364,646274,169,Hona
SEP0155324,2019-09-23,7105868,618303,171,Hona
SEP0161769,2019-10-11,7120253,623020,171,Hona
SEP0157487,2019-09-08,7092656,702848,176,Hona
SEP0154109,2019-09-18,7109442,702609,176,Hona
SEP0160154,2019-10-06,7096784,696765,176,Hona
SEP0159884,2019-08-22,7177612,716525,178,Hona
SEP0161523,2019-08-23,7167995,713087,178,Hona
SEP0157297,2019-08-24,7157038,715543,178,Hona
SEP0161511,2019-08-22,7168626,712562,178,Hona
SEP0156502,2019-10-12,7177686,662298,179,Hona
SEP0157420,2019-09-01,7086176,687755,184,Hona
SEP0157230,2019-09-08,7087700,695701,184,Hona
SEP0157953,2019-09-07,7084914,693984,184,Hona
SEP0162381,2019-09-20,7077637,703745,184,Hona
SEP0156443,2019-10-08,7091533,689975,184,Hona
SEP0157403,2019-09-14,7095783,687390,185,Hona
SEP0160114,2019-09-22,7089871,688153,185,Hona
SEP0154539,2019-09-23,7097725,682827,185,Hona
SEP0157946,2019-09-02,7082034,695979,187,Hona
SEP0157926,2019-09-14,7085445,693891,187,Hona
SEP0157119,2019-10-11,7092775,687546,187,Hona
SEP0164019,2019-09-22,7169697,625191,190,Hane
SEP0154319,2019-10-02,7161856,613053,190,Hane
SEP0156387,2019-08-21,7157378,538418,191,Hona
SEP0163428,2019-09-07,7236089,600057,192,Hane
SEP0156202,2019-08-22,7248479,547880,194,Hona
SEP0158806,2019-08-30,7245502,559005,194,Hona
SEP0152557,2019-09-09,7121207,662758,196,Hona
SEP0164378,2019-09-26,7103707,660437,196,Hona
SEP0155770,2019-09-12,7128948,681756,200,Hane
SEP0164067,2019-09-17,7167822,663548,200,Hane
SEP0156547,2019-09-22,7160183,669493,200,Hane
SEP0163864,2019-09-25,7119028,717020,200,Hane
SEP0162926,2019-10-10,7103986,725539,200,Hane
SEP0156281,2019-10-10,7111238,726556,200,Hane
SEP0164134,2019-08-28,7196799,520933,204,Hona
SEP0162932,2019-08-26,7207107,603393,205,Hona
SEP0153338,2019-09-02,7207352,598391,205,Hona
SEP0154522,2019-09-15,7210008,593837,205,Hona
SEP0164364,2019-10-03,7102928,587954,206,Hona
SEP0152597,2019-09-30,7104560,658733,207,Hona
SEP0156101,2019-09-02,7187453,548298,210,Hona
SEP0164195,2019-09-05,7196017,525003,210,Hona
SEP0156671,2019-09-07,7211214,597520,215,Hona
SEP0156044,2019-09-08,7215001,587520,215,Hona
SEP0154165,2019-09-11,7145722,739105,217,Hane
SEP0154408,2019-09-21,7128236,734396,217,Hane
SEP0161510,2019-10-05,7130931,731804,217,Hane
SEP0161532,2019-09-28,7129270,732173,217,Hane
SEP0157124,2019-09-29,7144405,735597,217,Hane
SEP0153228,2019-09-02,7141380,544716,219,NA
SEP0152584,2019-09-16,7096812,597898,222,Hane
SEP0154150,2019-09-20,7094968,596587,222,Hane
SEP0155631,2019-09-12,7206275,594522,223,Hane
SEP0161504,2019-08-31,7171259,715529,225,Hona
SEP0155383,2019-09-03,7108686,606666,228,Hona
SEP0155343,2019-09-10,7108612,605130,228,Hona
SEP0155306,2019-09-20,7108326,603804,228,Hona
SEP0163917,2019-10-11,7058043,709080,229,Hane
SEP0163668,2019-09-14,7151031,614082,233,Hane
SEP0161765,2019-10-04,7135635,621955,233,Hane
SEP0153285,2019-09-21,7133566,563816,234,Hona
SEP0155882,2019-10-09,7134516,562896,234,Hona
SEP0163388,2019-09-08,7125572,618735,237,Hane
SEP0159898,2019-09-06,7124257,620391,237,Hane
SEP0162817,2019-09-06,7125322,619871,237,Hane
SEP0162808,2019-09-06,7122484,620737,237,Hane
SEP0155984,2019-09-14,7126461,618042,237,Hane
SEP0155971,2019-10-11,7127795,617332,237,Hane
SEP0153825,2019-08-28,7118170,602676,238,Hona
SEP0160172,2019-09-16,7105304,648298,239,Hona
SEP0157941,2019-10-03,7096831,650180,239,Hona
SEP0157599,2019-09-25,7103037,649339,239,Hona
SEP0154743,2019-08-30,7207004,609228,240,Hane
SEP0162288,2019-09-28,7177581,600237,240,Hane
SEP0157659,2019-09-09,7131893,561893,243,Hona
SEP0153212,2019-10-05,7136701,562391,243,Hona
SEP0154605,2019-10-07,7135609,566224,243,Hona
SEP0160096,2019-09-23,7189721,645672,245,Hane
SEP0162498,2019-10-12,7195382,634361,245,Hane
SEP0155066,2019-09-27,7193795,565734,247,Hane
SEP0155699,2019-08-31,7220340,591960,248,Hona
SEP0156669,2019-09-10,7227444,591856,248,Hona
SEP0153255,2019-09-08,7129742,553449,249,Hane
SEP0163403,2019-09-02,7289571,591634,251,Hane
SEP0152876,2019-09-09,7292118,592514,251,Hane
SEP0163424,2019-09-04,7283944,592232,251,Hane
SEP0153934,2019-09-14,7281921,597406,251,Hane
SEP0153488,2019-10-05,7281590,591240,251,Hane
SEP0153842,2019-09-14,7120802,576532,253,Hona
SEP0153817,2019-09-14,7135396,625296,255,Hona
SEP0152516,2019-09-16,7141893,624741,255,Hona
SEP0161766,2019-09-24,7136491,626065,255,Hona
SEP0163803,2019-08-21,7186822,637072,256,Hona
SEP0155385,2019-08-21,7139594,629452,259,Hona
SEP0155367,2019-08-21,7141527,629254,259,Hona
SEP0161779,2019-09-24,7137359,626066,259,Hona
SEP0158150,2019-09-16,7128319,569242,260,Hona
SEP0164094,2019-09-12,7166453,632675,262,Hona
SEP0158651,2019-08-29,7163340,577255,266,Hona
SEP0160757,2019-08-31,7190914,575870,266,Hona
SEP0161975,2019-09-14,7155355,577035,266,Hona
SEP0159358,2019-09-16,7161000,577986,266,Hona
SEP0159363,2019-09-16,7161000,577986,266,Hona
SEP0155534,2019-08-28,7148626,565581,268,Hona
SEP0164089,2019-09-22,7170540,626986,268,Hona
SEP0164011,2019-09-21,7170747,627185,268,Hona
SEP0153771,2019-09-26,7160544,610596,268,Hona
SEP0154303,2019-09-30,7157364,610904,268,Hona
SEP0154325,2019-10-01,7162565,611713,268,Hona
SEP0153617,2019-09-08,7150838,685726,273,Hane
SEP0155799,2019-10-23,7150503,689427,273,Hane
SEP0156310,2019-09-30,7173925,580758,274,Hona
SEP0164332,2019-09-06,7162762,597899,275,Hane
SEP0152514,2019-08-26,7132204,614809,277,Hane
SEP0155969,2019-09-07,7131649,612527,277,Hane
SEP0157559,2019-09-06,7117958,644473,278,Hona
SEP0158939,2019-09-12,7120739,650339,278,Hona
SEP0158948,2019-09-12,7120559,651993,278,Hona
SEP0160602,2019-10-02,7145928,626030,281,Hona
SEP0154153,2019-10-15,7142245,629231,281,Hona
SEP0155866,2019-10-05,7144621,625096,281,Hona
SEP0154728,2019-09-10,7135797,699000,283,Hane
SEP0163281,2019-09-09,7195372,658413,286,Hane
SEP0153605,2019-10-12,7175296,657116,286,Hane
SEP0154155,2019-09-30,7126734,643657,287,Hane
SEP0164334,2019-09-25,7181984,596407,289,Hona
SEP0153388,2019-08-28,7206670,607310,290,Hona
SEP0159303,2019-09-24,7189518,598909,290,Hona
SEP0163021,2019-10-05,7191554,587685,290,Hona
SEP0159866,2019-09-20,7131956,684105,292,Hane
SEP0160099,2019-09-20,7132722,682222,292,Hane
SEP0163828,2019-10-11,7137362,675370,292,Hane
SEP0160093,2019-09-25,7101008,685515,293,Hane
SEP0160196,2019-10-13,7068046,703852,293,Hane
SEP0164365,2019-09-16,7103749,662040,294,Hona
SEP0160963,2019-09-16,7103801,662287,294,Hona
SEP0164367,2019-09-26,7103578,661560,294,Hona
SEP0161785,2019-09-27,7100668,661827,294,Hona
SEP0157537,2019-10-03,7103094,662779,294,Hona
SEP0152955,2019-09-25,7195745,702055,300,Hona
SEP0152994,2019-09-25,7197507,699631,300,Hona
SEP0159538,2019-09-27,7207173,696387,300,Hona
SEP0159528,2019-09-07,7202433,703816,302,Hona
SEP0152944,2019-09-14,7193520,709983,302,Hona
SEP0159514,2019-09-14,7219163,696573,302,Hona
SEP0159516,2019-09-24,7207485,698649,302,Hona
SEP0159550,2019-09-24,7202470,701774,302,Hona
SEP0159524,2019-09-24,7202405,700613,302,Hona
SEP0162139,2019-09-29,7199305,706545,302,Hona
SEP0152940,2019-09-29,7201366,702120,302,Hona
SEP0162508,2019-10-06,7212313,694399,302,Hona
SEP0156478,2019-08-22,7164821,635226,303,Hane
SEP0164080,2019-08-21,7168539,635244,303,Hane
SEP0164035,2019-09-05,7179571,641105,303,Hane
SEP0161669,2019-09-03,7157270,589150,304,Hane
SEP0164108,2019-09-10,7167057,583254,304,Hane
SEP0159592,2019-09-18,7158455,588037,304,Hane
SEP0155070,2019-09-08,7152255,588674,304,Hane
SEP0161688,2019-10-06,7166410,561621,304,Hane
SEP0161139,2019-10-11,7203573,674373,305,Hane
SEP0161193,2019-10-14,7204535,667538,305,Hane
SEP0156560,2019-10-04,7180836,654230,308,Hane
SEP0153603,2019-10-20,7181474,659339,308,Hane
SEP0154931,2019-09-15,7257958,529141,309,Hane
SEP0154932,2019-09-14,7259763,530087,309,Hane
SEP0154921,2019-09-14,7259658,529426,309,Hane
SEP0163826,2019-08-21,7146740,688955,313,Hona
SEP0163298,2019-08-26,7169704,665380,313,Hona
SEP0155401,2019-08-30,7185485,681668,313,Hona
SEP0153634,2019-09-03,7165429,696031,313,Hona
SEP0158536,2019-09-13,7156443,681022,313,Hona
SEP0163800,2019-09-25,7175433,692823,313,Hona
SEP0162490,2019-09-27,7160620,686790,313,Hona
SEP0158778,2019-09-16,7219803,650067,315,Hona
SEP0153602,2019-10-20,7181481,659334,316,Hane
SEP0157456,2019-09-15,7095660,677431,318,Hona
SEP0153849,2019-09-13,7141008,606757,319,Hona
SEP0160724,2019-08-24,7082314,682939,320,Hona
SEP0160682,2019-09-11,7091883,675801,320,Hona
SEP0160126,2019-09-14,7090124,676659,320,Hona
SEP0160618,2019-09-22,7089095,675791,320,Hona
SEP0160816,2019-09-22,7089148,675530,320,Hona
SEP0163680,2019-09-03,7154176,603907,321,Hona
SEP0161730,2019-09-12,7156694,612384,321,Hona
SEP0153258,2019-09-10,7145649,552371,323,NA
SEP0160914,2019-09-13,7127172,645703,324,Hane
SEP0162841,2019-09-15,7127783,643515,324,Hane
SEP0157595,2019-09-14,7132456,645286,324,Hane
SEP0160356,2019-10-09,7129824,649469,324,Hane
SEP0155834,2019-09-03,7246998,675769,326,Hane
SEP0160837,2019-09-14,7150515,614071,327,Hona
SEP0155404,2019-09-07,7185955,681894,328,Hane
SEP0154152,2019-09-21,7096927,595660,329,Hona
SEP0152596,2019-09-24,7096705,595779,329,Hona
SEP0154149,2019-09-24,7095557,597102,329,Hona
SEP0152595,2019-10-06,7097499,595573,329,Hona
SEP0156092,2019-09-08,7128475,563123,332,Hona
SEP0160044,2019-09-09,7150268,685807,333,Hona
SEP0158521,2019-09-28,7160037,680516,333,Hona
SEP0155713,2019-09-29,7143676,684108,333,Hona
SEP0156507,2019-10-05,7154346,679214,333,Hona
SEP0161768,2019-09-06,7127576,626828,337,Hona
SEP0161759,2019-09-14,7127299,625100,337,Hona
SEP0155988,2019-10-03,7122857,628154,337,Hona
SEP0159850,2019-09-08,7186782,706180,338,Hane
SEP0163928,2019-09-14,7164074,717156,338,Hane
SEP0160083,2019-09-13,7175278,711432,338,Hane
SEP0159017,2019-09-25,7175183,724861,338,Hane
SEP0155586,2019-09-07,7129602,596037,343,Hane
SEP0157603,2019-09-08,7149877,576065,349,Hona
SEP0158149,2019-09-12,7143319,578090,349,Hona
SEP0155967,2019-09-07,7129409,616802,354,Hane
SEP0155966,2019-09-07,7129835,616504,354,Hane
SEP0155965,2019-09-07,7129998,616198,354,Hane
SEP0158217,2019-10-06,7149042,538265,355,Hona
SEP0158219,2019-10-06,7147904,537912,355,Hona
SEP0162376,2019-08-21,7214433,666512,358,Hane
SEP0161180,2019-09-18,7211746,661468,358,Hane
SEP0161190,2019-09-28,7204762,667501,358,Hane
SEP0161135,2019-10-03,7205075,672807,358,Hane
SEP0161160,2019-10-08,7202516,673573,358,Hane
SEP0161166,2019-10-08,7206502,674342,358,Hane
SEP0161133,2019-10-11,7203421,674810,358,Hane
SEP0161168,2019-10-19,7200335,674827,358,Hane
SEP0160255,2019-09-14,7077269,708430,360,Hane
SEP0161638,2019-10-09,7077488,697336,360,Hane
SEP0157712,2019-08-26,7228498,789857,361,Hane
SEP0158372,2019-10-04,7130080,620894,362,Hona
SEP0161772,2019-08-27,7109298,644058,364,Hona
SEP0152528,2019-08-28,7119037,624621,364,Hona
SEP0154140,2019-09-15,7111254,640992,364,Hona
SEP0161761,2019-09-15,7111387,640929,364,Hona
SEP0154148,2019-09-15,7110629,638475,364,Hona
SEP0164371,2019-09-19,7111689,639984,364,Hona
SEP0157640,2019-08-28,7135097,582973,365,Hona
SEP0157636,2019-08-28,7133629,583222,365,Hona
SEP0155585,2019-09-12,7134738,588962,365,Hona
SEP0156897,2019-09-15,7125523,586702,365,Hona
SEP0162091,2019-09-16,7125420,585326,365,Hona
SEP0156621,2019-09-24,7135162,583045,365,Hona
SEP0156623,2019-09-15,7126666,587281,368,Hane
SEP0155314,2019-09-29,7127999,584989,368,Hane
SEP0156625,2019-10-02,7131273,584918,368,Hane
SEP0155350,2019-10-09,7130680,584824,368,Hane
SEP0156460,2019-08-22,7171490,665528,370,Hona
SEP0155804,2019-09-09,7114115,583175,372,Hane
SEP0155312,2019-09-11,7115165,586261,372,Hane
SEP0162364,2019-10-14,7122924,580538,372,Hane
SEP0155675,2019-09-01,7219991,591886,373,Hona
SEP0155627,2019-08-31,7220113,591925,373,Hona
SEP0155664,2019-09-15,7227290,591954,373,Hona
SEP0164338,2019-09-12,7187843,598950,374,Hona
SEP0160557,2019-08-31,7160056,577328,377,Hona
SEP0161944,2019-09-06,7159681,578752,377,Hona
SEP0162989,2019-09-14,7155340,577326,377,Hona
SEP0156125,2019-09-13,7086401,736468,378,Hane
SEP0164392,2019-09-02,7115803,636326,379,Hane
SEP0161760,2019-09-05,7123817,625408,379,Hane
SEP0160179,2019-09-18,7091458,708721,379,Hane
SEP0157069,2019-09-22,7096301,708252,379,Hane
SEP0163926,2019-10-10,7079370,697918,379,Hane
SEP0153868,2019-10-03,7094502,637241,380,Hona
SEP0153884,2019-10-20,7096631,636807,380,Hona
SEP0157005,2019-09-14,7095770,711700,381,Hane
SEP0157454,2019-09-09,7089716,708368,381,Hane
SEP0162382,2019-10-12,7120688,579443,383,Hona
SEP0153077,2019-09-03,7224263,642229,384,Hane
SEP0155076,2019-09-10,7148390,593439,387,Hona
SEP0161448,2019-08-28,7169975,608835,388,Hona
SEP0160005,2019-08-21,7200878,627130,389,Hona
SEP0160054,2019-08-21,7098948,638823,391,Hona
SEP0157927,2019-10-03,7099315,644377,391,Hona
SEP0154607,2019-10-09,7138025,725506,393,Hona
SEP0157133,2019-09-30,7145281,729915,393,Hona
SEP0153372,2019-08-31,7194209,622413,394,Hona
SEP0155655,2019-09-11,7198400,624989,394,Hona
SEP0155642,2019-09-03,7110782,585769,396,Hane
SEP0153630,2019-09-10,7135809,689000,398,Hane
SEP0156639,2019-09-21,7135782,674875,398,Hane
SEP0161949,2019-09-30,7062785,707775,399,Hona
SEP0162287,2019-09-15,7190568,604093,401,Hona
SEP0162294,2019-09-15,7193188,600195,401,Hona
SEP0153615,2019-08-25,7183000,643688,404,Hona
SEP0164022,2019-09-15,7182989,642319,404,Hona
SEP0164039,2019-09-14,7183456,639545,404,Hona
SEP0164023,2019-09-14,7182851,642027,404,Hona
SEP0164052,2019-09-21,7181492,640325,404,Hona
SEP0160095,2019-09-21,7178563,645396,404,Hona
SEP0164004,2019-10-10,7174460,636467,404,Hona
SEP0164063,2019-10-10,7174468,636508,404,Hona
SEP0155348,2019-09-03,7120882,611678,406,Hona
SEP0159838,2019-09-06,7124318,619485,406,Hona
SEP0155302,2019-10-10,7110192,609182,406,Hona
SEP0157369,2019-09-26,7113701,688462,407,Hane
SEP0159700,2019-08-31,7187150,729386,412,Hona
SEP0161407,2019-09-09,7194889,710914,412,Hona
SEP0152980,2019-09-21,7194522,705801,412,Hona
SEP0153246,2019-09-01,7123909,572080,414,Hona
SEP0163371,2019-09-19,7087988,712511,419,Hona
SEP0154120,2019-09-12,7218685,755455,421,Hane
SEP0163901,2019-09-21,7188097,683819,421,Hane
SEP0159539,2019-09-20,7194543,710898,421,Hane
SEP0162497,2019-09-21,7188160,683858,421,Hane
SEP0163201,2019-10-10,7192658,658122,421,Hane
SEP0152860,2019-09-27,7248365,613627,424,Hane
SEP0162605,2019-09-14,7106858,665198,426,Hona
SEP0156670,2019-09-06,7213335,600417,427,Hona
SEP0156054,2019-09-12,7209209,617303,427,Hona
SEP0154575,2019-09-14,7201108,532365,428,Hane
SEP0155940,2019-09-14,7129537,566426,429,Hona
SEP0155760,2019-09-22,7126130,566817,429,Hona
SEP0159581,2019-09-09,7192274,711224,430,Hona
SEP0159536,2019-09-24,7206470,699202,430,Hona
SEP0152937,2019-09-24,7201152,717902,430,Hona
SEP0162491,2019-09-29,7197238,705037,430,Hona
SEP0152954,2019-10-02,7207068,694974,430,Hona
SEP0157515,2019-09-21,7113277,669051,432,Hona
SEP0160361,2019-10-04,7121149,668160,432,Hona
SEP0160362,2019-10-06,7120085,667306,432,Hona
SEP0157298,2019-09-15,7177817,550968,433,Hane
SEP0153244,2019-08-25,7123137,570641,436,Hane
SEP0157700,2019-09-19,7071279,707876,440,Hona
SEP0164253,2019-09-19,7072625,706956,440,Hona
SEP0161098,2019-09-21,7074578,702661,440,Hona
SEP0160853,2019-09-26,7069864,704229,440,Hona
SEP0164261,2019-10-12,7070572,704642,440,Hona
SEP0164249,2019-10-17,7072563,707015,440,Hona
SEP0159594,2019-09-04,7155165,592904,444,Hona
SEP0159590,2019-09-04,7155275,590422,444,Hona
SEP0152535,2019-09-28,7159725,592223,444,Hona
SEP0155566,2019-09-30,7155814,596052,444,Hona
SEP0152959,2019-09-24,7201152,717902,445,Hane
SEP0152963,2019-09-25,7205350,700200,445,Hane
SEP0152969,2019-09-27,7206158,696089,445,Hane
SEP0161798,2019-09-07,7132522,620778,446,Hane
SEP0161791,2019-09-19,7137994,625240,446,Hane
SEP0163657,2019-09-02,7153045,660394,447,Hona
SEP0160111,2019-08-24,7102123,710682,450,Hona
SEP0160185,2019-09-20,7104157,710217,450,Hona
SEP0158491,2019-10-02,7103717,712038,450,Hona
SEP0157225,2019-09-08,7087884,695732,452,Hane
SEP0152503,2019-09-13,7108682,607686,453,Hane
SEP0155335,2019-10-15,7098815,606473,453,Hane
SEP0160155,2019-09-20,7093023,691758,454,Hane
SEP0158526,2019-09-09,7156242,681155,458,Hane
SEP0155402,2019-09-08,7164175,672741,458,Hane
SEP0153833,2019-09-07,7114526,583890,459,Hona
SEP0156371,2019-09-07,7113906,583721,459,Hona
SEP0155832,2019-09-09,7114702,582694,459,Hona
SEP0159778,2019-09-22,7240390,650511,460,Hona
SEP0153975,2019-09-20,7241745,643414,460,Hona
SEP0161574,2019-09-11,7139865,729320,462,Hane
SEP0160734,2019-09-14,7152515,732938,462,Hane
SEP0153112,2019-09-20,7147312,738246,462,Hane
SEP0154129,2019-09-20,7144399,740463,462,Hane
SEP0153129,2019-09-20,7147307,737724,462,Hane
SEP0158934,2019-10-06,7155245,751053,462,Hane
SEP0160333,2019-10-13,7163250,746007,462,Hane
SEP0158874,2019-10-11,7166870,745191,462,Hane
SEP0160835,2019-09-09,7163687,692402,467,Hane
SEP0162056,2019-09-09,7164999,693035,467,Hane
SEP0162442,2019-09-11,7163552,692575,467,Hane
SEP0162952,2019-09-15,7147399,684886,467,Hane
SEP0163047,2019-09-13,7172777,689888,467,Hane
SEP0162061,2019-09-16,7159077,695668,467,Hane
SEP0163223,2019-09-23,7148321,687379,467,Hane
SEP0153808,2019-09-06,7087226,701822,468,Hane
SEP0157202,2019-09-23,7082825,703371,468,Hane
SEP0164000,2019-09-29,7183662,634694,469,Hane
SEP0152864,2019-09-28,7265286,624651,471,Hane
SEP0160278,2019-09-11,7158407,587653,472,Hona
SEP0163833,2019-09-09,7134049,681920,473,Hane
SEP0159489,2019-09-06,7088866,631211,475,Hona
SEP0159481,2019-09-06,7089423,628923,475,Hona
SEP0159498,2019-09-14,7088200,630496,475,Hona
SEP0159469,2019-09-14,7090380,627944,475,Hona
SEP0153885,2019-10-01,7092479,632456,475,Hona
SEP0153262,2019-08-26,7129732,572765,476,Hona
SEP0153273,2019-09-02,7147531,559316,476,Hona
SEP0153209,2019-09-02,7130444,570580,476,Hona
SEP0156254,2019-09-11,7125947,562403,476,Hona
SEP0153892,2019-10-03,7093281,636703,478,Hona
SEP0161749,2019-09-07,7095737,635385,479,Hane
SEP0152555,2019-09-14,7099218,633224,481,Hona
SEP0153063,2019-09-10,7097553,632256,481,Hona
SEP0161609,2019-08-31,7141165,576238,483,Hona
SEP0160051,2019-09-05,7144643,581415,483,Hona
SEP0153207,2019-09-12,7131485,573465,483,Hona
SEP0153227,2019-09-14,7133422,577965,483,Hona
SEP0156977,2019-08-26,7101633,681613,485,Hona
SEP0160276,2019-09-13,7101631,681625,485,Hona
SEP0155058,2019-08-21,7190809,562115,488,Hona
SEP0152582,2019-09-08,7129207,564257,490,Hona
SEP0154792,2019-08-24,7209904,608490,491,Hane
SEP0163279,2019-08-28,7205846,608678,491,Hane
SEP0162930,2019-08-26,7207656,602865,491,Hane
SEP0156025,2019-09-01,7212273,604191,491,Hane
SEP0155617,2019-09-02,7205110,594798,491,Hane
SEP0159818,2019-09-14,7133180,721209,492,Hona
SEP0164071,2019-09-20,7157777,655213,495,Hona
SEP0155791,2019-09-14,7137642,665183,495,Hona
SEP0153855,2019-09-10,7143231,610960,496,Hane
SEP0156372,2019-09-26,7142238,609209,496,Hane
SEP0163870,2019-08-24,7116174,719846,497,Hane
SEP0153517,2019-08-30,7106916,722338,497,Hane
SEP0153122,2019-09-06,7092363,721061,497,Hane
SEP0159808,2019-10-04,7117161,700956,497,Hane
SEP0158014,2019-09-02,7179952,625835,498,Hona
SEP0156949,2019-09-29,7187180,619509,498,Hona
SEP0160025,2019-09-01,7196202,631276,504,Hane
SEP0156906,2019-09-09,7189844,620806,504,Hane
SEP0156036,2019-10-04,7184841,624059,504,Hane
SEP0162959,2019-09-28,7150384,684648,505,Hane
SEP0152523,2019-10-01,7142723,620836,508,Hane
SEP0163672,2019-10-02,7153270,596817,508,Hane
SEP0164254,2019-08-22,7149977,788085,509,Hona
SEP0160349,2019-08-23,7152185,792040,509,Hona
SEP0160335,2019-08-23,7152141,792093,509,Hona
SEP0160343,2019-08-23,7152172,792058,509,Hona
SEP0164265,2019-08-31,7151935,787419,509,Hona
SEP0156723,2019-09-01,7149732,784410,509,Hona
SEP0158991,2019-09-07,7157861,763780,509,Hona
SEP0158197,2019-09-08,7150830,784141,509,Hona
SEP0157713,2019-09-07,7148429,785058,509,Hona
SEP0160340,2019-09-16,7148032,785616,509,Hona
SEP0157244,2019-09-30,7147207,795724,509,Hona
SEP0158273,2019-10-04,7262650,591252,512,Hona
SEP0157010,2019-08-26,7089539,713043,513,Hane
SEP0157034,2019-09-15,7084797,727136,513,Hane
SEP0153114,2019-09-28,7090621,722717,513,Hane
SEP0155529,2019-10-03,7090660,722868,513,Hane
SEP0157032,2019-10-07,7089543,719672,513,Hane
SEP0159120,2019-10-15,7237240,649448,515,Hane
SEP0154612,2019-09-19,7134132,572559,516,Hane
SEP0157769,2019-08-22,7149117,775118,517,Hona
SEP0156642,2019-09-06,7149798,775929,517,Hona
SEP0152897,2019-08-22,7269358,590836,521,Hona
SEP0163437,2019-09-05,7268876,591398,521,Hona
SEP0162354,2019-09-26,7075923,703543,522,Hane
SEP0157044,2019-09-04,7098164,695051,523,Hane
SEP0157522,2019-09-06,7104629,669660,523,Hane
SEP0162973,2019-09-27,7104812,676608,523,Hane
SEP0157565,2019-08-26,7112741,670496,526,Hona
SEP0157523,2019-10-11,7106915,671035,526,Hona
SEP0152787,2019-09-24,7116860,668684,529,Hona
SEP0160061,2019-10-03,7119797,684068,529,Hona
SEP0160964,2019-10-24,7115800,668494,529,Hona
SEP0153221,2019-09-16,7128873,577428,530,Hona
SEP0153211,2019-09-16,7134053,572390,530,Hona
SEP0160633,2019-09-22,7126858,553858,530,Hona
SEP0153870,2019-09-12,7111815,597970,531,Hona
SEP0155326,2019-09-19,7105754,601610,531,Hona
SEP0154107,2019-09-18,7108030,708384,535,Hane
SEP0158051,2019-09-11,7212769,587092,536,Hona
SEP0160002,2019-09-20,7197314,604705,537,Hona
SEP0153365,2019-09-26,7197364,604525,537,Hona
SEP0155782,2019-09-09,7125667,681930,538,Hona
SEP0158044,2019-09-10,7130829,670977,538,Hona
SEP0155778,2019-09-14,7137888,676306,538,Hona
SEP0155755,2019-09-13,7135111,678984,538,Hona
SEP0163829,2019-10-11,7137206,676340,538,Hona
SEP0154525,2019-09-06,7232690,604273,540,Hane
SEP0153344,2019-09-22,7206413,632331,540,Hane
SEP0153366,2019-09-25,7223631,615234,540,Hane
SEP0160024,2019-10-02,7207606,635029,540,Hane
SEP0156018,2019-10-09,7222600,618209,540,Hane
SEP0156388,2019-08-22,7157426,538398,542,Hona
SEP0159801,2019-09-08,7148947,706531,545,Hona
SEP0158947,2019-09-19,7138369,673705,546,Hane
SEP0159846,2019-10-04,7118422,675763,546,Hane
SEP0164422,2019-09-25,7240005,790423,553,Hane
SEP0164405,2019-10-05,7237485,789391,553,Hane
SEP0161677,2019-10-18,7117341,579361,555,Hona
SEP0159074,2019-10-18,7116672,580320,555,Hona
SEP0160969,2019-09-12,7127334,661684,556,Hane
SEP0157031,2019-09-12,7132849,663448,556,Hane
SEP0153568,2019-09-23,7133377,663241,556,Hane
SEP0160913,2019-09-27,7131358,658636,556,Hane
SEP0164002,2019-09-07,7163009,628976,557,Hane
SEP0159552,2019-09-08,7212520,694492,557,Hane
SEP0159565,2019-09-10,7212566,694539,557,Hane
SEP0159599,2019-09-10,7212596,694508,557,Hane
SEP0159577,2019-09-08,7212596,694508,557,Hane
SEP0159579,2019-09-10,7212596,694508,557,Hane
SEP0159582,2019-09-10,7212566,694539,557,Hane
SEP0162908,2019-09-24,7190551,661534,557,Hane
SEP0152966,2019-10-06,7212313,694399,557,Hane
SEP0161150,2019-10-12,7205629,677898,557,Hane
SEP0157916,2019-09-07,7084878,694010,559,Hane
SEP0164083,2019-08-21,7166493,633638,560,Hane
SEP0164036,2019-08-31,7162908,635424,560,Hane
SEP0162955,2019-09-25,7163568,652860,560,Hane
SEP0153776,2019-09-10,7167302,622007,561,Hane
SEP0163810,2019-09-17,7165271,614602,561,Hane
SEP0155334,2019-09-05,7120199,612247,562,Hane
SEP0155389,2019-09-19,7117711,613694,562,Hane
SEP0158923,2019-09-17,7117506,613955,562,Hane
SEP0155957,2019-10-01,7117619,613728,562,Hane
SEP0161182,2019-10-10,7121177,610693,562,Hane
SEP0161550,2019-09-02,7134533,714499,563,Hona
SEP0158946,2019-08-31,7121732,725623,564,Hane
SEP0158950,2019-08-31,7112788,722844,564,Hane
SEP0159785,2019-09-08,7228285,679148,568,Hane
SEP0152962,2019-09-23,7211899,704158,568,Hane
SEP0160163,2019-10-24,7099179,691043,570,NA
SEP0163807,2019-09-28,7174281,638353,1008,Hona
SEP0155086,2019-10-06,7146124,537344,139B,Hane
SEP0156831,2019-08-26,7092414,687651,176B,Hane
SEP0157375,2019-09-26,7093018,686602,176B,Hane
SEP0153772,2019-09-26,7161306,611067,190B,Hane
SEP0163695,2019-09-29,7162531,609074,190B,Hane
SEP0156610,2019-09-05,7149420,545794,191B,Hona
SEP0155323,2019-09-13,7109140,598367,198B,Hane
SEP0158796,2019-08-24,7255749,645359,20B,Hona
SEP0156500,2019-08-22,7180011,651178,222B,Hona
SEP0153626,2019-08-31,7182134,653160,222B,Hona
SEP0158808,2019-09-07,7241646,562282,225B,Hona
SEP0153229,2019-09-23,7126130,566817,253B,Hona
SEP0153238,2019-09-28,7129456,570655,253B,Hona
SEP0163838,2019-08-24,7135320,685997,255B,Hona
SEP0155992,2019-10-14,7128471,630405,255B,Hona
SEP0161702,2019-09-09,7144001,604326,281B,Hane
SEP0155678,2019-08-31,7219982,591893,286B,Hona
SEP0158140,2019-08-30,7191807,581657,289B,Hane
SEP0157660,2019-09-03,7185013,605947,289B,Hane
SEP0164395,2019-10-02,7103656,582855,303B,Hane
SEP0155051,2019-09-11,7154764,587114,304B,Hona
SEP0161695,2019-09-25,7156320,588716,304B,Hona
SEP0155686,2019-09-07,7218107,590374,309B,Hane
SEP0162620,2019-09-15,7136778,599020,319B,Hona
SEP0155379,2019-08-21,7139150,629749,321B,Hona
SEP0153260,2019-09-08,7139599,557429,323B,Hona
SEP0153136,2019-09-05,7162065,668607,333B,Hane
SEP0155719,2019-09-06,7156414,671099,333B,Hane
SEP0156559,2019-09-22,7161234,669289,333B,Hane
SEP0156968,2019-10-08,7145352,543732,355B,Hona
SEP0153299,2019-10-14,7145667,546246,355B,Hona
SEP0163325,2019-09-08,7175014,566002,364B,Hane
SEP0160558,2019-09-07,7161090,577741,364B,Hane
SEP0157428,2019-09-01,7086561,687102,365B,NA
SEP0155303,2019-10-01,7103515,613328,365C,NA
SEP0157519,2019-08-24,7122316,657103,368A,Hona
SEP0157529,2019-08-22,7112007,665074,368A,Hona
SEP0160957,2019-09-23,7123979,654630,368A,Hona
SEP0157592,2019-09-26,7123103,660370,368A,Hona
SEP0152789,2019-09-26,7123103,660370,368A,Hona
SEP0160944,2019-09-26,7123103,660370,368A,Hona
SEP0160972,2019-09-28,7123115,660408,368A,Hona
SEP0157598,2019-09-29,7123262,662849,368A,Hona
SEP0160936,2019-10-10,7123116,660455,368A,Hona
SEP0160931,2019-10-09,7121542,658725,368A,Hona
SEP0160391,2019-10-04,7119630,671723,368A,Hona
SEP0162300,2019-10-12,7123554,655946,368A,Hona
SEP0155557,2019-09-08,7132474,592118,368B,Hane
SEP0155330,2019-09-05,7137133,593039,368B,Hane
SEP0153205,2019-09-16,7131071,578294,387B,Hane
SEP0158792,2019-08-25,7253313,650172,389B,Hane
SEP0160655,2019-09-22,7126761,552548,428B,Hona
SEP0152987,2019-09-27,7210848,716166,445B,Hona
SEP0155338,2019-08-21,7158590,658712,447B,Hane
SEP0160140,2019-09-07,7094389,696611,454B,Hona
SEP0160073,2019-08-21,7111885,682262,491B,Hane
SEP0157524,2019-08-26,7111059,667730,491B,Hane
SEP0156961,2019-09-10,7189638,621071,504B,Hane
SEP0159322,2019-09-25,7185982,609486,504B,Hane
SEP0156574,2019-10-12,7115544,677940,513B,Hane
SEP0160377,2019-10-06,7117846,666685,513B,Hane
SEP0155328,2019-09-06,7106099,618138,517B,Hane
SEP0155736,2019-09-23,7131050,664356,517C,NA
SEP0152790,2019-09-24,7117347,669353,529B,Hona
SEP0163369,2019-10-06,7118512,668770,529B,Hona
SEP0160379,2019-10-04,7119872,665194,529B,Hona
SEP0157548,2019-08-25,7119417,661729,538B,Hona
SEP0159231,2019-09-04,7187813,541220,542B,Hona
SEP0154986,2019-08-21,7234679,601350,562B,Hona
SEP0163305,2019-09-09,7133457,693432,569C,NA
SEP0163308,2019-09-10,7141940,690042,570B,NA
SEP0164366,2019-09-18,7101047,660191,63B,Hane
SEP0157127,2019-10-08,7147682,545948,69B,Hona
SEP0164088,2019-08-25,7172934,636089,72B,Hane
SEP0160748,2019-09-16,7184787,640154,72B,Hane
SEP0161468,2019-08-25,7158557,590236,90B,NA
SEP0153297,2019-10-25,7133969,572276,94B,Hane
SEP0162267,2019-10-12,7158942,565896,98B,Hane
SEP0157520,2019-08-30,7109609,663896,A311,Hona
SEP0154718,2019-09-02,7200349,629499,A313,NA
SEP0164293,2019-09-03,7187451,548300,A315,Hona
SEP0154785,2019-09-02,7207913,590097,A316,Hane
SEP0158053,2019-08-31,7213020,586925,A316,Hane
SEP0163326,2019-08-31,7212893,587610,A316,Hane
SEP0157612,2019-09-04,7200245,581202,A319,Hona
SEP0163277,2019-09-04,7160733,670698,A32,Hane
SEP0156672,2019-09-04,7211438,594791,A321,Hona
SEP0163431,2019-08-22,7200723,629438,A323,Hona
SEP0156096,2019-08-31,7224570,587713,A324,NA
SEP0163780,2019-09-04,7198306,531816,A325,Hona
SEP0155445,2019-09-02,7154008,552551,A326,Hane
SEP0163862,2019-09-04,7111900,729181,A34,Hane
SEP0153308,2019-09-02,7241379,593736,A35,NA
SEP0156696,2019-09-03,7128184,653227,A37,NA
SEP0164247,2019-09-03,7063725,705346,A39,Hona
